latitude,longitude,radius,density
32.55,-117.26,1000.0,0.0
32.55,-117.24,1000.0,0.0
32.55,-117.22,1000.0,0.0
32.55,-117.2,1000.0,0.0
32.55,-117.18,1000.0,0.0
32.55,-117.16,1000.0,0.0
32.55,-117.14,1000.0,0.0
32.55,-117.12,1000.0,0.0
32.55,-117.1,1000.0,0.0
32.55,-117.08,1000.0,0.0
32.55,-117.06,1000.0,13.0
32.55,-117.04,1000.0,41.0
32.55,-117.02,1000.0,3.0
32.55,-117.0,1000.0,10.0
32.55,-116.98,1000.0,8.0
32.55,-116.96,1000.0,1.0
32.55,-116.94,1000.0,37.0
32.55,-116.92,1000.0,13.0
32.5734,-117.26,1000.0,0.0
32.5734,-117.24,1000.0,0.0
32.5734,-117.22,1000.0,0.0
32.5734,-117.2,1000.0,0.0
32.5734,-117.18,1000.0,0.0
32.5734,-117.16,1000.0,0.0
32.5734,-117.14,1000.0,8.0
32.5734,-117.12,1000.0,0.0
32.5734,-117.1,1000.0,18.0
32.5734,-117.08,1000.0,10.0
32.5734,-117.06,1000.0,21.0
32.5734,-117.04,1000.0,8.0
32.5734,-117.02,1000.0,0.0
32.5734,-117.0,1000.0,3.0
32.5734,-116.98,1000.0,2.0
32.5734,-116.96,1000.0,4.0
32.5734,-116.94,1000.0,1.0
32.5734,-116.92,1000.0,2.0
32.5968,-117.26,1000.0,0.0
32.5968,-117.24,1000.0,0.0
32.5968,-117.22,1000.0,0.0
32.5968,-117.2,1000.0,0.0
32.5968,-117.18,1000.0,0.0
32.5968,-117.16,1000.0,0.0
32.5968,-117.14,1000.0,0.0
32.5968,-117.12,1000.0,0.0
32.5968,-117.1,1000.0,0.0
32.5968,-117.08,1000.0,39.0
32.5968,-117.06,1000.0,35.0
32.5968,-117.04,1000.0,12.0
32.5968,-117.02,1000.0,3.0
32.5968,-117.0,1000.0,0.0
32.5968,-116.98,1000.0,0.0
32.5968,-116.96,1000.0,0.0
32.5968,-116.94,1000.0,0.0
32.5968,-116.92,1000.0,0.0
32.6202,-117.26,1000.0,0.0
32.6202,-117.24,1000.0,0.0
32.6202,-117.22,1000.0,0.0
32.6202,-117.2,1000.0,0.0
32.6202,-117.18,1000.0,0.0
32.6202,-117.16,1000.0,0.0
32.6202,-117.14,1000.0,1.0
32.6202,-117.12,1000.0,0.0
32.6202,-117.1,1000.0,4.0
32.6202,-117.08,1000.0,49.0
32.6202,-117.06,1000.0,11.0
32.6202,-117.04,1000.0,13.0
32.6202,-117.02,1000.0,7.0
32.6202,-117.0,1000.0,8.0
32.6202,-116.98,1000.0,4.0
32.6202,-116.96,1000.0,38.0
32.6202,-116.94,1000.0,0.0
32.6202,-116.92,1000.0,0.0
32.6436,-117.26,1000.0,0.0
32.6436,-117.24,1000.0,0.0
32.6436,-117.22,1000.0,0.0
32.6436,-117.2,1000.0,0.0
32.6436,-117.18,1000.0,0.0
32.6436,-117.16,1000.0,0.0
32.6436,-117.14,1000.0,0.0
32.6436,-117.12,1000.0,0.0
32.6436,-117.1,1000.0,36.0
32.6436,-117.08,1000.0,27.0
32.6436,-117.06,1000.0,17.0
32.6436,-117.04,1000.0,9.0
32.6436,-117.02,1000.0,8.0
32.6436,-117.0,1000.0,26.0
32.6436,-116.98,1000.0,0.0
32.6436,-116.96,1000.0,32.0
32.6436,-116.94,1000.0,0.0
32.6436,-116.92,1000.0,0.0
32.667,-117.26,1000.0,0.0
32.667,-117.24,1000.0,0.0
32.667,-117.22,1000.0,0.0
32.667,-117.2,1000.0,0.0
32.667,-117.18,1000.0,0.0
32.667,-117.16,1000.0,1.0
32.667,-117.14,1000.0,0.0
32.667,-117.12,1000.0,5.0
32.667,-117.1,1000.0,63.0
32.667,-117.08,1000.0,20.0
32.667,-117.06,1000.0,3.0
32.667,-117.04,1000.0,26.0
32.667,-117.02,1000.0,9.0
32.667,-117.0,1000.0,0.0
32.667,-116.98,1000.0,8.0
32.667,-116.96,1000.0,5.0
32.667,-116.94,1000.0,0.0
32.667,-116.92,1000.0,0.0
32.6904,-117.26,1000.0,0.0
32.6904,-117.24,1000.0,0.0
32.6904,-117.22,1000.0,0.0
32.6904,-117.2,1000.0,5.0
32.6904,-117.18,1000.0,55.0
32.6904,-117.16,1000.0,15.0
32.6904,-117.14,1000.0,36.0
32.6904,-117.12,1000.0,33.0
32.6904,-117.1,1000.0,22.0
32.6904,-117.08,1000.0,25.0
32.6904,-117.06,1000.0,1.0
32.6904,-117.04,1000.0,7.0
32.6904,-117.02,1000.0,17.0
32.6904,-117.0,1000.0,0.0
32.6904,-116.98,1000.0,0.0
32.6904,-116.96,1000.0,0.0
32.6904,-116.94,1000.0,0.0
32.6904,-116.92,1000.0,0.0
32.7138,-117.26,1000.0,0.0
32.7138,-117.24,1000.0,24.0
32.7138,-117.22,1000.0,25.0
32.7138,-117.2,1000.0,0.0
32.7138,-117.18,1000.0,46.0
32.7138,-117.16,1000.0,450.0
32.7138,-117.14,1000.0,74.0
32.7138,-117.12,1000.0,17.0
32.7138,-117.1,1000.0,35.0
32.7138,-117.08,1000.0,12.0
32.7138,-117.06,1000.0,7.0
32.7138,-117.04,1000.0,4.0
32.7138,-117.02,1000.0,21.0
32.7138,-117.0,1000.0,17.0
32.7138,-116.98,1000.0,0.0
32.7138,-116.96,1000.0,0.0
32.7138,-116.94,1000.0,0.0
32.7138,-116.92,1000.0,0.0
32.7372,-117.26,1000.0,22.0
32.7372,-117.24,1000.0,30.0
32.7372,-117.22,1000.0,61.0
32.7372,-117.2,1000.0,51.0
32.7372,-117.18,1000.0,20.0
32.7372,-117.16,1000.0,43.0
32.7372,-117.14,1000.0,46.0
32.7372,-117.12,1000.0,40.0
32.7372,-117.1,1000.0,11.0
32.7372,-117.08,1000.0,3.0
32.7372,-117.06,1000.0,11.0
32.7372,-117.04,1000.0,41.0
32.7372,-117.02,1000.0,20.0
32.7372,-117.0,1000.0,4.0
32.7372,-116.98,1000.0,5.0
32.7372,-116.96,1000.0,5.0
32.7372,-116.94,1000.0,29.0
32.7372,-116.92,1000.0,9.0
32.7606,-117.26,1000.0,5.0
32.7606,-117.24,1000.0,17.0
32.7606,-117.22,1000.0,48.0
32.7606,-117.2,1000.0,76.0
32.7606,-117.18,1000.0,19.0
32.7606,-117.16,1000.0,55.0
32.7606,-117.14,1000.0,114.0
32.7606,-117.12,1000.0,63.0
32.7606,-117.1,1000.0,51.0
32.7606,-117.08,1000.0,29.0
32.7606,-117.06,1000.0,73.0
32.7606,-117.04,1000.0,35.0
32.7606,-117.02,1000.0,37.0
32.7606,-117.0,1000.0,6.0
32.7606,-116.98,1000.0,0.0
32.7606,-116.96,1000.0,0.0
32.7606,-116.94,1000.0,0.0
32.7606,-116.92,1000.0,2.0
32.784,-117.26,1000.0,29.0
32.784,-117.24,1000.0,13.0
32.784,-117.22,1000.0,3.0
32.784,-117.2,1000.0,11.0
32.784,-117.18,1000.0,16.0
32.784,-117.16,1000.0,14.0
32.784,-117.14,1000.0,12.0
32.784,-117.12,1000.0,17.0
32.784,-117.1,1000.0,45.0
32.784,-117.08,1000.0,12.0
32.784,-117.06,1000.0,9.0
32.784,-117.04,1000.0,13.0
32.784,-117.02,1000.0,51.0
32.784,-117.0,1000.0,27.0
32.784,-116.98,1000.0,4.0
32.784,-116.96,1000.0,14.0
32.784,-116.94,1000.0,4.0
32.784,-116.92,1000.0,13.0
32.8074,-117.26,1000.0,39.0
32.8074,-117.24,1000.0,56.0
32.8074,-117.22,1000.0,17.0
32.8074,-117.2,1000.0,2.0
32.8074,-117.18,1000.0,2.0
32.8074,-117.16,1000.0,44.0
32.8074,-117.14,1000.0,20.0
32.8074,-117.12,1000.0,24.0
32.8074,-117.1,1000.0,1.0
32.8074,-117.08,1000.0,2.0
32.8074,-117.06,1000.0,0.0
32.8074,-117.04,1000.0,6.0
32.8074,-117.02,1000.0,8.0
32.8074,-117.0,1000.0,19.0
32.8074,-116.98,1000.0,20.0
32.8074,-116.96,1000.0,47.0
32.8074,-116.94,1000.0,40.0
32.8074,-116.92,1000.0,12.0
32.8308,-117.26,1000.0,2.0
32.8308,-117.24,1000.0,3.0
32.8308,-117.22,1000.0,4.0
32.8308,-117.2,1000.0,25.0
32.8308,-117.18,1000.0,23.0
32.8308,-117.16,1000.0,123.0
32.8308,-117.14,1000.0,54.0
32.8308,-117.12,1000.0,34.0
32.8308,-117.1,1000.0,16.0
32.8308,-117.08,1000.0,0.0
32.8308,-117.06,1000.0,0.0
32.8308,-117.04,1000.0,0.0
32.8308,-117.02,1000.0,4.0
32.8308,-117.0,1000.0,17.0
32.8308,-116.98,1000.0,37.0
32.8308,-116.96,1000.0,9.0
32.8308,-116.94,1000.0,3.0
32.8308,-116.92,1000.0,0.0
32.8542,-117.26,1000.0,20.0
32.8542,-117.24,1000.0,1.0
32.8542,-117.22,1000.0,10.0
32.8542,-117.2,1000.0,9.0
32.8542,-117.18,1000.0,1.0
32.8542,-117.16,1000.0,0.0
32.8542,-117.14,1000.0,0.0
32.8542,-117.12,1000.0,0.0
32.8542,-117.1,1000.0,0.0
32.8542,-117.08,1000.0,0.0
32.8542,-117.06,1000.0,0.0
32.8542,-117.04,1000.0,0.0
32.8542,-117.02,1000.0,0.0
32.8542,-117.0,1000.0,5.0
32.8542,-116.98,1000.0,12.0
32.8542,-116.96,1000.0,1.0
32.8542,-116.94,1000.0,16.0
32.8542,-116.92,1000.0,29.0
32.8776,-117.26,1000.0,0.0
32.8776,-117.24,1000.0,55.0
32.8776,-117.22,1000.0,68.0
32.8776,-117.2,1000.0,21.0
32.8776,-117.18,1000.0,3.0
32.8776,-117.16,1000.0,40.0
32.8776,-117.14,1000.0,4.0
32.8776,-117.12,1000.0,0.0
32.8776,-117.1,1000.0,0.0
32.8776,-117.08,1000.0,0.0
32.8776,-117.06,1000.0,0.0
32.8776,-117.04,1000.0,0.0
32.8776,-117.02,1000.0,0.0
32.8776,-117.0,1000.0,0.0
32.8776,-116.98,1000.0,0.0
32.8776,-116.96,1000.0,0.0
32.8776,-116.94,1000.0,0.0
32.8776,-116.92,1000.0,0.0
32.901,-117.26,1000.0,0.0
32.901,-117.24,1000.0,14.0
32.901,-117.22,1000.0,11.0
32.901,-117.2,1000.0,43.0
32.901,-117.18,1000.0,32.0
32.901,-117.16,1000.0,1.0
32.901,-117.14,1000.0,13.0
32.901,-117.12,1000.0,27.0
32.901,-117.1,1000.0,5.0
32.901,-117.08,1000.0,1.0
32.901,-117.06,1000.0,2.0
32.901,-117.04,1000.0,0.0
32.901,-117.02,1000.0,0.0
32.901,-117.0,1000.0,0.0
32.901,-116.98,1000.0,0.0
32.901,-116.96,1000.0,0.0
32.901,-116.94,1000.0,0.0
32.901,-116.92,1000.0,0.0
32.9244,-117.26,1000.0,2.0
32.9244,-117.24,1000.0,10.0
32.9244,-117.22,1000.0,9.0
32.9244,-117.2,1000.0,1.0
32.9244,-117.18,1000.0,0.0
32.9244,-117.16,1000.0,0.0
32.9244,-117.14,1000.0,14.0
32.9244,-117.12,1000.0,53.0
32.9244,-117.1,1000.0,0.0
32.9244,-117.08,1000.0,0.0
32.9244,-117.06,1000.0,1.0
32.9244,-117.04,1000.0,0.0
32.9244,-117.02,1000.0,0.0
32.9244,-117.0,1000.0,0.0
32.9244,-116.98,1000.0,0.0
32.9244,-116.96,1000.0,0.0
32.9244,-116.94,1000.0,0.0
32.9244,-116.92,1000.0,0.0
32.9478,-117.26,1000.0,9.0
32.9478,-117.24,1000.0,49.0
32.9478,-117.22,1000.0,8.0
32.9478,-117.2,1000.0,5.0
32.9478,-117.18,1000.0,0.0
32.9478,-117.16,1000.0,0.0
32.9478,-117.14,1000.0,0.0
32.9478,-117.12,1000.0,2.0
32.9478,-117.1,1000.0,8.0
32.9478,-117.08,1000.0,3.0
32.9478,-117.06,1000.0,34.0
32.9478,-117.04,1000.0,33.0
32.9478,-117.02,1000.0,7.0
32.9478,-117.0,1000.0,0.0
32.9478,-116.98,1000.0,0.0
32.9478,-116.96,1000.0,0.0
32.9478,-116.94,1000.0,0.0
32.9478,-116.92,1000.0,0.0
32.9712,-117.26,1000.0,17.0
32.9712,-117.24,1000.0,4.0
32.9712,-117.22,1000.0,0.0
32.9712,-117.2,1000.0,1.0
32.9712,-117.18,1000.0,2.0
32.9712,-117.16,1000.0,5.0
32.9712,-117.14,1000.0,1.0
32.9712,-117.12,1000.0,1.0
32.9712,-117.1,1000.0,3.0
32.9712,-117.08,1000.0,21.0
32.9712,-117.06,1000.0,3.0
32.9712,-117.04,1000.0,4.0
32.9712,-117.02,1000.0,3.0
32.9712,-117.0,1000.0,0.0
32.9712,-116.98,1000.0,0.0
32.9712,-116.96,1000.0,0.0
32.9712,-116.94,1000.0,0.0
32.9712,-116.92,1000.0,0.0
32.9946,-117.26,1000.0,29.0
32.9946,-117.24,1000.0,0.0
32.9946,-117.22,1000.0,0.0
32.9946,-117.2,1000.0,7.0
32.9946,-117.18,1000.0,2.0
32.9946,-117.16,1000.0,1.0
32.9946,-117.14,1000.0,0.0
32.9946,-117.12,1000.0,0.0
32.9946,-117.1,1000.0,0.0
32.9946,-117.08,1000.0,5.0
32.9946,-117.06,1000.0,5.0
32.9946,-117.04,1000.0,0.0
32.9946,-117.02,1000.0,0.0
32.9946,-117.0,1000.0,0.0
32.9946,-116.98,1000.0,0.0
32.9946,-116.96,1000.0,0.0
32.9946,-116.94,1000.0,0.0
32.9946,-116.92,1000.0,0.0
33.018,-117.26,1000.0,1.0
33.018,-117.24,1000.0,0.0
33.018,-117.22,1000.0,0.0
33.018,-117.2,1000.0,5.0
33.018,-117.18,1000.0,0.0
33.018,-117.16,1000.0,0.0
33.018,-117.14,1000.0,2.0
33.018,-117.12,1000.0,23.0
33.018,-117.1,1000.0,5.0
33.018,-117.08,1000.0,46.0
33.018,-117.06,1000.0,2.0
33.018,-117.04,1000.0,0.0
33.018,-117.02,1000.0,0.0
33.018,-117.0,1000.0,0.0
33.018,-116.98,1000.0,0.0
33.018,-116.96,1000.0,1.0
33.018,-116.94,1000.0,0.0
33.018,-116.92,1000.0,0.0
33.0414,-117.26,1000.0,36.0
33.0414,-117.24,1000.0,4.0
33.0414,-117.22,1000.0,0.0
33.0414,-117.2,1000.0,0.0
33.0414,-117.18,1000.0,0.0
33.0414,-117.16,1000.0,1.0
33.0414,-117.14,1000.0,0.0
33.0414,-117.12,1000.0,0.0
33.0414,-117.1,1000.0,0.0
33.0414,-117.08,1000.0,2.0
33.0414,-117.06,1000.0,0.0
33.0414,-117.04,1000.0,2.0
33.0414,-117.02,1000.0,1.0
33.0414,-117.0,1000.0,0.0
33.0414,-116.98,1000.0,0.0
33.0414,-116.96,1000.0,0.0
33.0414,-116.94,1000.0,0.0
33.0414,-116.92,1000.0,0.0
33.0648,-117.26,1000.0,25.0
33.0648,-117.24,1000.0,0.0
33.0648,-117.22,1000.0,0.0
33.0648,-117.2,1000.0,0.0
33.0648,-117.18,1000.0,0.0
33.0648,-117.16,1000.0,0.0
33.0648,-117.14,1000.0,0.0
33.0648,-117.12,1000.0,1.0
33.0648,-117.1,1000.0,0.0
33.0648,-117.08,1000.0,5.0
33.0648,-117.06,1000.0,25.0
33.0648,-117.04,1000.0,1.0
33.0648,-117.02,1000.0,0.0
33.0648,-117.0,1000.0,1.0
33.0648,-116.98,1000.0,0.0
33.0648,-116.96,1000.0,0.0
33.0648,-116.94,1000.0,0.0
33.0648,-116.92,1000.0,0.0
33.0882,-117.26,1000.0,17.0
33.0882,-117.24,1000.0,12.0
33.0882,-117.22,1000.0,0.0
33.0882,-117.2,1000.0,4.0
33.0882,-117.18,1000.0,0.0
33.0882,-117.16,1000.0,0.0
33.0882,-117.14,1000.0,0.0
33.0882,-117.12,1000.0,0.0
33.0882,-117.1,1000.0,0.0
33.0882,-117.08,1000.0,3.0
33.0882,-117.06,1000.0,0.0
33.0882,-117.04,1000.0,0.0
33.0882,-117.02,1000.0,0.0
33.0882,-117.0,1000.0,2.0
33.0882,-116.98,1000.0,0.0
33.0882,-116.96,1000.0,0.0
33.0882,-116.94,1000.0,0.0
33.0882,-116.92,1000.0,0.0
32.562414,-117.25,1000.0,0.0
32.562414,-117.23,1000.0,0.0
32.562414,-117.21,1000.0,0.0
32.562414,-117.19,1000.0,0.0
32.562414,-117.17,1000.0,0.0
32.562414,-117.15,1000.0,0.0
32.562414,-117.13,1000.0,0.0
32.562414,-117.11,1000.0,0.0
32.562414,-117.09,1000.0,0.0
32.562414,-117.07,1000.0,10.0
32.562414,-117.05,1000.0,17.0
32.562414,-117.03,1000.0,0.0
32.562414,-117.01,1000.0,2.0
32.562414,-116.99,1000.0,1.0
32.562414,-116.97,1000.0,4.0
32.562414,-116.95,1000.0,7.0
32.562414,-116.93,1000.0,11.0
32.562414,-116.91,1000.0,0.0
32.585814,-117.25,1000.0,0.0
32.585814,-117.23,1000.0,0.0
32.585814,-117.21,1000.0,0.0
32.585814,-117.19,1000.0,0.0
32.585814,-117.17,1000.0,0.0
32.585814,-117.15,1000.0,0.0
32.585814,-117.13,1000.0,19.0
32.585814,-117.11,1000.0,41.0
32.585814,-117.09,1000.0,39.0
32.585814,-117.07,1000.0,15.0
32.585814,-117.05,1000.0,13.0
32.585814,-117.03,1000.0,19.0
32.585814,-117.01,1000.0,1.0
32.585814,-116.99,1000.0,0.0
32.585814,-116.97,1000.0,0.0
32.585814,-116.95,1000.0,1.0
32.585814,-116.93,1000.0,1.0
32.585814,-116.91,1000.0,0.0
32.609214,-117.25,1000.0,0.0
32.609214,-117.23,1000.0,0.0
32.609214,-117.21,1000.0,0.0
32.609214,-117.19,1000.0,0.0
32.609214,-117.17,1000.0,0.0
32.609214,-117.15,1000.0,0.0
32.609214,-117.13,1000.0,0.0
32.609214,-117.11,1000.0,0.0
32.609214,-117.09,1000.0,33.0
32.609214,-117.07,1000.0,57.0
32.609214,-117.05,1000.0,20.0
32.609214,-117.03,1000.0,14.0
32.609214,-117.01,1000.0,0.0
32.609214,-116.99,1000.0,2.0
32.609214,-116.97,1000.0,0.0
32.609214,-116.95,1000.0,0.0
32.609214,-116.93,1000.0,0.0
32.609214,-116.91,1000.0,0.0
32.632614,-117.25,1000.0,0.0
32.632614,-117.23,1000.0,0.0
32.632614,-117.21,1000.0,0.0
32.632614,-117.19,1000.0,0.0
32.632614,-117.17,1000.0,0.0
32.632614,-117.15,1000.0,0.0
32.632614,-117.13,1000.0,4.0
32.632614,-117.11,1000.0,3.0
32.632614,-117.09,1000.0,77.0
32.632614,-117.07,1000.0,18.0
32.632614,-117.05,1000.0,22.0
32.632614,-117.03,1000.0,18.0
32.632614,-117.01,1000.0,3.0
32.632614,-116.99,1000.0,7.0
32.632614,-116.97,1000.0,21.0
32.632614,-116.95,1000.0,1.0
32.632614,-116.93,1000.0,0.0
32.632614,-116.91,1000.0,0.0
32.656014,-117.25,1000.0,0.0
32.656014,-117.23,1000.0,0.0
32.656014,-117.21,1000.0,0.0
32.656014,-117.19,1000.0,0.0
32.656014,-117.17,1000.0,0.0
32.656014,-117.15,1000.0,0.0
32.656014,-117.13,1000.0,0.0
32.656014,-117.11,1000.0,22.0
32.656014,-117.09,1000.0,37.0
32.656014,-117.07,1000.0,32.0
32.656014,-117.05,1000.0,9.0
32.656014,-117.03,1000.0,25.0
32.656014,-117.01,1000.0,0.0
32.656014,-116.99,1000.0,0.0
32.656014,-116.97,1000.0,36.0
32.656014,-116.95,1000.0,3.0
32.656014,-116.93,1000.0,0.0
32.656014,-116.91,1000.0,0.0
32.679414,-117.25,1000.0,0.0
32.679414,-117.23,1000.0,0.0
32.679414,-117.21,1000.0,0.0
32.679414,-117.19,1000.0,17.0
32.679414,-117.17,1000.0,51.0
32.679414,-117.15,1000.0,2.0
32.679414,-117.13,1000.0,9.0
32.679414,-117.11,1000.0,32.0
32.679414,-117.09,1000.0,87.0
32.679414,-117.07,1000.0,20.0
32.679414,-117.05,1000.0,4.0
32.679414,-117.03,1000.0,8.0
32.679414,-117.01,1000.0,3.0
32.679414,-116.99,1000.0,0.0
32.679414,-116.97,1000.0,0.0
32.679414,-116.95,1000.0,2.0
32.679414,-116.93,1000.0,0.0
32.679414,-116.91,1000.0,0.0
32.702814,-117.25,1000.0,1.0
32.702814,-117.23,1000.0,2.0
32.702814,-117.21,1000.0,5.0
32.702814,-117.19,1000.0,9.0
32.702814,-117.17,1000.0,117.0
32.702814,-117.15,1000.0,171.0
32.702814,-117.13,1000.0,58.0
32.702814,-117.11,1000.0,26.0
32.702814,-117.09,1000.0,45.0
32.702814,-117.07,1000.0,6.0
32.702814,-117.05,1000.0,5.0
32.702814,-117.03,1000.0,15.0
32.702814,-117.01,1000.0,19.0
32.702814,-116.99,1000.0,8.0
32.702814,-116.97,1000.0,0.0
32.702814,-116.95,1000.0,0.0
32.702814,-116.93,1000.0,0.0
32.702814,-116.91,1000.0,0.0
32.726214,-117.25,1000.0,2.0
32.726214,-117.23,1000.0,49.0
32.726214,-117.21,1000.0,32.0
32.726214,-117.19,1000.0,25.0
32.726214,-117.17,1000.0,155.0
32.726214,-117.15,1000.0,70.0
32.726214,-117.13,1000.0,34.0
32.726214,-117.11,1000.0,9.0
32.726214,-117.09,1000.0,17.0
32.726214,-117.07,1000.0,1.0
32.726214,-117.05,1000.0,0.0
32.726214,-117.03,1000.0,8.0
32.726214,-117.01,1000.0,0.0
32.726214,-116.99,1000.0,2.0
32.726214,-116.97,1000.0,6.0
32.726214,-116.95,1000.0,1.0
32.726214,-116.93,1000.0,0.0
32.726214,-116.91,1000.0,5.0
32.749614,-117.25,1000.0,75.0
32.749614,-117.23,1000.0,18.0
32.749614,-117.21,1000.0,95.0
32.749614,-117.19,1000.0,66.0
32.749614,-117.17,1000.0,108.0
32.749614,-117.15,1000.0,101.0
32.749614,-117.13,1000.0,140.0
32.749614,-117.11,1000.0,62.0
32.749614,-117.09,1000.0,82.0
32.749614,-117.07,1000.0,27.0
32.749614,-117.05,1000.0,46.0
32.749614,-117.03,1000.0,27.0
32.749614,-117.01,1000.0,12.0
32.749614,-116.99,1000.0,19.0
32.749614,-116.97,1000.0,14.0
32.749614,-116.95,1000.0,12.0
32.749614,-116.93,1000.0,23.0
32.749614,-116.91,1000.0,0.0
32.773014,-117.25,1000.0,35.0
32.773014,-117.23,1000.0,21.0
32.773014,-117.21,1000.0,16.0
32.773014,-117.19,1000.0,32.0
32.773014,-117.17,1000.0,26.0
32.773014,-117.15,1000.0,68.0
32.773014,-117.13,1000.0,22.0
32.773014,-117.11,1000.0,6.0
32.773014,-117.09,1000.0,1.0
32.773014,-117.07,1000.0,48.0
32.773014,-117.05,1000.0,41.0
32.773014,-117.03,1000.0,48.0
32.773014,-117.01,1000.0,65.0
32.773014,-116.99,1000.0,5.0
32.773014,-116.97,1000.0,1.0
32.773014,-116.95,1000.0,6.0
32.773014,-116.93,1000.0,5.0
32.773014,-116.91,1000.0,0.0
32.796414,-117.25,1000.0,128.0
32.796414,-117.23,1000.0,46.0
32.796414,-117.21,1000.0,7.0
32.796414,-117.19,1000.0,10.0
32.796414,-117.17,1000.0,8.0
32.796414,-117.15,1000.0,23.0
32.796414,-117.13,1000.0,9.0
32.796414,-117.11,1000.0,9.0
32.796414,-117.09,1000.0,39.0
32.796414,-117.07,1000.0,2.0
32.796414,-117.05,1000.0,5.0
32.796414,-117.03,1000.0,12.0
32.796414,-117.01,1000.0,25.0
32.796414,-116.99,1000.0,6.0
32.796414,-116.97,1000.0,50.0
32.796414,-116.95,1000.0,22.0
32.796414,-116.93,1000.0,40.0
32.796414,-116.91,1000.0,0.0
32.819814,-117.25,1000.0,2.0
32.819814,-117.23,1000.0,2.0
32.819814,-117.21,1000.0,13.0
32.819814,-117.19,1000.0,31.0
32.819814,-117.17,1000.0,29.0
32.819814,-117.15,1000.0,140.0
32.819814,-117.13,1000.0,12.0
32.819814,-117.11,1000.0,20.0
32.819814,-117.09,1000.0,6.0
32.819814,-117.07,1000.0,0.0
32.819814,-117.05,1000.0,0.0
32.819814,-117.03,1000.0,0.0
32.819814,-117.01,1000.0,0.0
32.819814,-116.99,1000.0,1.0
32.819814,-116.97,1000.0,16.0
32.819814,-116.95,1000.0,9.0
32.819814,-116.93,1000.0,12.0
32.819814,-116.91,1000.0,15.0
32.843214,-117.25,1000.0,3.0
32.843214,-117.23,1000.0,0.0
32.843214,-117.21,1000.0,3.0
32.843214,-117.19,1000.0,7.0
32.843214,-117.17,1000.0,7.0
32.843214,-117.15,1000.0,5.0
32.843214,-117.13,1000.0,7.0
32.843214,-117.11,1000.0,0.0
32.843214,-117.09,1000.0,5.0
32.843214,-117.07,1000.0,0.0
32.843214,-117.05,1000.0,0.0
32.843214,-117.03,1000.0,4.0
32.843214,-117.01,1000.0,3.0
32.843214,-116.99,1000.0,73.0
32.843214,-116.97,1000.0,11.0
32.843214,-116.95,1000.0,1.0
32.843214,-116.93,1000.0,5.0
32.843214,-116.91,1000.0,0.0
32.866614,-117.25,1000.0,7.0
32.866614,-117.23,1000.0,41.0
32.866614,-117.21,1000.0,66.0
32.866614,-117.19,1000.0,0.0
32.866614,-117.17,1000.0,0.0
32.866614,-117.15,1000.0,1.0
32.866614,-117.13,1000.0,0.0
32.866614,-117.11,1000.0,0.0
32.866614,-117.09,1000.0,0.0
32.866614,-117.07,1000.0,0.0
32.866614,-117.05,1000.0,0.0
32.866614,-117.03,1000.0,0.0
32.866614,-117.01,1000.0,0.0
32.866614,-116.99,1000.0,0.0
32.866614,-116.97,1000.0,0.0
32.866614,-116.95,1000.0,0.0
32.866614,-116.93,1000.0,11.0
32.866614,-116.91,1000.0,2.0
32.890014,-117.25,1000.0,10.0
32.890014,-117.23,1000.0,14.0
32.890014,-117.21,1000.0,30.0
32.890014,-117.19,1000.0,7.0
32.890014,-117.17,1000.0,6.0
32.890014,-117.15,1000.0,15.0
32.890014,-117.13,1000.0,36.0
32.890014,-117.11,1000.0,3.0
32.890014,-117.09,1000.0,1.0
32.890014,-117.07,1000.0,2.0
32.890014,-117.05,1000.0,0.0
32.890014,-117.03,1000.0,0.0
32.890014,-117.01,1000.0,0.0
32.890014,-116.99,1000.0,0.0
32.890014,-116.97,1000.0,0.0
32.890014,-116.95,1000.0,0.0
32.890014,-116.93,1000.0,0.0
32.890014,-116.91,1000.0,0.0
32.913414,-117.25,1000.0,3.0
32.913414,-117.23,1000.0,15.0
32.913414,-117.21,1000.0,9.0
32.913414,-117.19,1000.0,2.0
32.913414,-117.17,1000.0,20.0
32.913414,-117.15,1000.0,43.0
32.913414,-117.13,1000.0,54.0
32.913414,-117.11,1000.0,25.0
32.913414,-117.09,1000.0,3.0
32.913414,-117.07,1000.0,3.0
32.913414,-117.05,1000.0,0.0
32.913414,-117.03,1000.0,0.0
32.913414,-117.01,1000.0,0.0
32.913414,-116.99,1000.0,0.0
32.913414,-116.97,1000.0,0.0
32.913414,-116.95,1000.0,0.0
32.913414,-116.93,1000.0,0.0
32.913414,-116.91,1000.0,0.0
32.936814,-117.25,1000.0,5.0
32.936814,-117.23,1000.0,17.0
32.936814,-117.21,1000.0,2.0
32.936814,-117.19,1000.0,6.0
32.936814,-117.17,1000.0,0.0
32.936814,-117.15,1000.0,0.0
32.936814,-117.13,1000.0,0.0
32.936814,-117.11,1000.0,13.0
32.936814,-117.09,1000.0,13.0
32.936814,-117.07,1000.0,6.0
32.936814,-117.05,1000.0,4.0
32.936814,-117.03,1000.0,12.0
32.936814,-117.01,1000.0,0.0
32.936814,-116.99,1000.0,0.0
32.936814,-116.97,1000.0,0.0
32.936814,-116.95,1000.0,0.0
32.936814,-116.93,1000.0,0.0
32.936814,-116.91,1000.0,0.0
32.960214,-117.25,1000.0,2.0
32.960214,-117.23,1000.0,31.0
32.960214,-117.21,1000.0,0.0
32.960214,-117.19,1000.0,9.0
32.960214,-117.17,1000.0,0.0
32.960214,-117.15,1000.0,7.0
32.960214,-117.13,1000.0,14.0
32.960214,-117.11,1000.0,12.0
32.960214,-117.09,1000.0,4.0
32.960214,-117.07,1000.0,17.0
32.960214,-117.05,1000.0,32.0
32.960214,-117.03,1000.0,25.0
32.960214,-117.01,1000.0,0.0
32.960214,-116.99,1000.0,0.0
32.960214,-116.97,1000.0,0.0
32.960214,-116.95,1000.0,0.0
32.960214,-116.93,1000.0,0.0
32.960214,-116.91,1000.0,0.0
32.983614,-117.25,1000.0,25.0
32.983614,-117.23,1000.0,1.0
32.983614,-117.21,1000.0,1.0
32.983614,-117.19,1000.0,6.0
32.983614,-117.17,1000.0,1.0
32.983614,-117.15,1000.0,1.0
32.983614,-117.13,1000.0,0.0
32.983614,-117.11,1000.0,0.0
32.983614,-117.09,1000.0,18.0
32.983614,-117.07,1000.0,42.0
32.983614,-117.05,1000.0,1.0
32.983614,-117.03,1000.0,3.0
32.983614,-117.01,1000.0,0.0
32.983614,-116.99,1000.0,0.0
32.983614,-116.97,1000.0,0.0
32.983614,-116.95,1000.0,0.0
32.983614,-116.93,1000.0,0.0
32.983614,-116.91,1000.0,0.0
33.007014,-117.25,1000.0,0.0
33.007014,-117.23,1000.0,0.0
33.007014,-117.21,1000.0,1.0
33.007014,-117.19,1000.0,1.0
33.007014,-117.17,1000.0,0.0
33.007014,-117.15,1000.0,0.0
33.007014,-117.13,1000.0,0.0
33.007014,-117.11,1000.0,7.0
33.007014,-117.09,1000.0,7.0
33.007014,-117.07,1000.0,11.0
33.007014,-117.05,1000.0,3.0
33.007014,-117.03,1000.0,0.0
33.007014,-117.01,1000.0,0.0
33.007014,-116.99,1000.0,0.0
33.007014,-116.97,1000.0,0.0
33.007014,-116.95,1000.0,1.0
33.007014,-116.93,1000.0,0.0
33.007014,-116.91,1000.0,0.0
33.030414,-117.25,1000.0,0.0
33.030414,-117.23,1000.0,4.0
33.030414,-117.21,1000.0,0.0
33.030414,-117.19,1000.0,0.0
33.030414,-117.17,1000.0,0.0
33.030414,-117.15,1000.0,0.0
33.030414,-117.13,1000.0,2.0
33.030414,-117.11,1000.0,1.0
33.030414,-117.09,1000.0,6.0
33.030414,-117.07,1000.0,16.0
33.030414,-117.05,1000.0,2.0
33.030414,-117.03,1000.0,1.0
33.030414,-117.01,1000.0,0.0
33.030414,-116.99,1000.0,0.0
33.030414,-116.97,1000.0,0.0
33.030414,-116.95,1000.0,0.0
33.030414,-116.93,1000.0,0.0
33.030414,-116.91,1000.0,0.0
33.053814,-117.25,1000.0,29.0
33.053814,-117.23,1000.0,0.0
33.053814,-117.21,1000.0,0.0
33.053814,-117.19,1000.0,1.0
33.053814,-117.17,1000.0,0.0
33.053814,-117.15,1000.0,0.0
33.053814,-117.13,1000.0,0.0
33.053814,-117.11,1000.0,0.0
33.053814,-117.09,1000.0,0.0
33.053814,-117.07,1000.0,0.0
33.053814,-117.05,1000.0,0.0
33.053814,-117.03,1000.0,0.0
33.053814,-117.01,1000.0,0.0
33.053814,-116.99,1000.0,0.0
33.053814,-116.97,1000.0,0.0
33.053814,-116.95,1000.0,0.0
33.053814,-116.93,1000.0,0.0
33.053814,-116.91,1000.0,0.0
33.077214,-117.25,1000.0,0.0
33.077214,-117.23,1000.0,14.0
33.077214,-117.21,1000.0,0.0
33.077214,-117.19,1000.0,0.0
33.077214,-117.17,1000.0,0.0
33.077214,-117.15,1000.0,0.0
33.077214,-117.13,1000.0,0.0
33.077214,-117.11,1000.0,0.0
33.077214,-117.09,1000.0,0.0
33.077214,-117.07,1000.0,26.0
33.077214,-117.05,1000.0,1.0
33.077214,-117.03,1000.0,1.0
33.077214,-117.01,1000.0,0.0
33.077214,-116.99,1000.0,1.0
33.077214,-116.97,1000.0,0.0
33.077214,-116.95,1000.0,0.0
33.077214,-116.93,1000.0,0.0
33.077214,-116.91,1000.0,0.0
